ledger_row	legacy_key
2	adaf7576af83
4	f5d38c10654f
6	e38a2a2cecfa
7	590a60afbe3e
8	d7672f03f1e3
10	a71f5b3ec68e
11	5b47c72a6286
12	452db03fbf77
13	825fc107a9d3
15	b4f9b0165f1d
16	37ec6710a583
17	1a53a396a89d
18	0843a034e932
19	7eeb41e56ebd
21	d7abe73ab436
22	dc5782acf42b
23	9ca7f7edf313
25	ec3e851e2d5e
27	c0a5bdfe5581
28	0df0a528dd66
29	2df8bcf01068
32	9f6bfffcbfbd
33	8f7405f17619
34	2ca11002e739
36	04c50fe26a1c
37	c7a901842f48
39	e9379d28ac40
41	dd831e272fde
42	617fc806db3d
43	1039015ad71b
45	e1b18b6b87bb
46	351cff231fc3
47	16bf2d03a3cf
49	acfadc18971f
50	25690d552661
51	5f08be8a5ae7
52	26aeb408da6b
54	32ef4c7eea5b
55	6316206198b0
56	6c70309191be
57	e093594bc4ab
58	1d317bc14156
60	9e904bd0579d
62	5cf5ec25e954
63	32b026401cb7
65	8527e0d70d9c
66	08a4ea343dc9
67	40a8dfbe0965
68	9c4e56dfa503
69	d40ff1b30ce3
70	c1055c4df410
71	7ece7a13590e
72	6c94e71f6723
73	543d6c450ee1
74	2e773eb44e94
75	c9eca3185b0d
76	e0b315e7235b
77	fa9752485de9
78	2cfe86f586b1
81	ba3aa2af1222
82	80b132b77c3e
83	4813c74000be
85	97d166e40fc2
86	a90f32c95f2b
87	09ab98803ea7
88	dab781ea3ae7
89	dec67734043e
90	87e3d330c98f
91	33c4c0029e29
93	713c3ab85e60
94	85688b8a700d
95	46ceb6b20cd7
96	f6e03f18e447
97	463e41fa98ff
98	b92e3f90cd72
99	b6218673df28
100	4f9d9256be99
101	bc15c61f887b
102	f5373522df01
103	6f37d5c81223
104	2a23be6a1aaa
105	e1a1c5f3647f
106	125464f77641
108	9285d648e3e9
109	6c70309191be
110	363f31cdd25c
111	9c93c4191b2f
112	40a8dfbe0965
113	4d37c773b0ad
114	8bd5802a2d99
115	169537eb0757
116	6da7b88c656a
117	63fac74995c1
118	65a4823125f4
119	1fdbb1ccab82
120	d383503bf6ea
122	b071a73cf1a1
123	7132728fb111
126	a91944350542
127	28448c4ea4a4
129	7319a2e4974f
131	7c02ceddee58
136	8f5eb4a40ff1
137	0644659fe18f
138	5da08766c8bf
140	4189b336cc44
141	ee949dbc450d
142	65253dabde2c
143	62ba36a95fc3
144	93ee5ae33120
145	f4affb656eea
146	bc314afcbea7
148	7ee08a80cb3c
149	80b132b77c3e
150	5cd962473eea
151	4e057af506d8
154	c42824bef86b
155	1aa40fd20505
157	b096d0c00d70
160	5d3dde5941c6
162	5335e89cec75
163	5d6fc9a08a8d
164	e802934ef667
166	1631e9510592
169	6afd532f9125
170	53f43a39a6db
172	2b500d736c99
173	50ca76f7446c
174	66b506ec4b65
177	2d97a9afb0c5
179	a38a3109b1a7
180	96e3757774c6
181	98fa4d46ea39
182	bb7107ea6d86
185	852f6f4f89ea
186	62206f5f6136
188	b57aba04d0e3
189	a100efaabb6d
190	b5370000ff22
191	3770c6a0b539
192	66f1e06f1b3c
193	875fb7e42b8c
194	e7b25d48b1e9
195	c0deadddba96
196	79d6e18f3059
197	77554a699b87
198	e1329837cf2e
200	0ad1830050d0
201	79b2e7fbf0a5
204	220737bcbf8d
205	30cc7a1ee817
206	2000cde8bdc4
207	82d90c77d233
208	cd6d0544b97b
210	eb9e447e4043
218	2bb4b41094ae
219	79e5c4f57c96
222	aef2fcffd336
224	05f83f311b7a
228	56dc1e4851b1
230	2eb648148979
233	1a1db59f075c
236	9d830ffdc669
237	75f4846a5955
240	4520905c39fc
241	fe4f2a0ab87f
245	872c39d9648d
246	b6218673df28
248	fac75dcf90ce
250	9f2ffdf764f1
253	1539adc05333
254	9d48d12469c6
255	5b65998415f7
256	c7aba3cf0253
258	8899abb170f1
259	0b31ad67c5d7
260	3251a41a60cc
263	96067de81577
264	4f8c375f0549
265	5ed041fc4709
266	236d18581111
267	bd57e9ed390c
268	8c8b6f580c3a
270	287fe5052608
271	2f52faabad81
273	e851e6bc7b2a
274	4de57a55923b
275	89b28989d761
277	01221a49c98e
279	269097d8f47e
281	f82472620d1a
282	1250415a0fe2
283	14ec09b2649f
285	df5e3cd5af2c
286	762b93e34ea2
287	bb6f22d45952
288	527231e03ba6
290	26b8966d1c54
291	8faa136aa264
292	4ca191ea22bd
293	d54bf95af536
294	18586d9a2e03
296	1c1a4dd9acce
297	253a5b90f1fc
298	bcedb93959e0
300	86e0470339eb
301	0d717ae197e4
303	0ef51c4b7491
304	85f85ba98c0f
308	093d728dcded
311	2ec7cc2f3c1f
312	fb2dee1eb796
313	d3ef52b0deb5
314	504c87445e30
315	cdf3da9da490
316	a4823dad6ff3
317	d331c823020f
320	fa1bf3cc8c50
321	a7325cfce765
322	2b500d736c99
323	9f6847d9bc6c
324	ba1c6606a304
325	a0e721e3c3bf
326	5f3e5c6101d1
327	620266535069
329	946ee00b934e
330	1b1bed01cbb9
331	a32c398cf9a6
332	3c2aa1e1de69
333	5f0e82fbbaa3
335	327f0ae1c8d7
336	4e45d61080dd
338	28ae593f5982
339	3e0beec18e0a
340	6f60be0cd9c3
341	3750ac2c46f5
342	56f51df9da00
343	2ba279a3c72d
344	ebac0907b2f7
345	3059fb9d33d9
348	5c2c9108a26b
349	75d471f19916
351	da91e4ed369a
353	5780aff23329
354	b444b527227b
355	7080b200c58c
356	0cc012c2442d
358	46ef5200c7e5
361	34b6d99b5e8b
365	adf8987ca09d
366	f050ec4f23b7
367	0d1a02c35195
368	1ed022ea9dfb
369	492bc0b0aa9e
370	7ce32478f29f
371	a4748febbf42
372	f74ad9aa280f
373	0d1251a230b0
374	0c06be4122a9
376	29f7385f1437
378	ca767c48ad73
380	bd6273abcc05
381	0b4d734ccebc
382	24178cba6af9
383	b0e75a608352
384	651369e94924
386	0af88884497e
387	9f7b6d96ce7d
390	25d30d1d67dc
391	f87570ddc6a7
392	3212e494233a
393	25d30d1d67dc
394	f87570ddc6a7
395	3212e494233a
396	37fb73fee2b0
397	d8845501b30d
398	67771379fc38
399	67771379fc38
400	2070fdea81d2
401	5146bc04e3fd
402	7e6bf2d6c085
403	28cce8f2633b
405	180019440d6c
406	351dd715af99
407	5bdc5d67040c
408	f401ff5ccdef
409	e59201e73fc0
410	dac44a2e54db
411	dac44a2e54db
412	5bcd2893662f
414	ef2f76fa99c1
415	5e060461027c
416	db4cebe5db06
423	035e2fba6186
425	beb59896ec5f
426	8caa299849cf
427	f5861c4c2e8b
428	3a57c7950d26
430	67380d8cfd6e
431	89d165018aab
433	a282791be1f4
434	9af9124a2402
436	d7cb4dd7ba20
438	a3d010bd772f
440	1b407aa8ba89
441	7bcb4512facd
442	718ee0ef62f3
444	730046fbbb59
445	0185c50992e3
446	81ea945de29d
449	d00b23ba9d1b
450	eb66860d9b0d
453	2d71b9a58648
454	49d9d8601f2e
456	c37a272f2bac
457	c0d423385241
459	67fdd48e2144
460	0fccb8a12c6c
461	b4ccc300905b
462	e4b626c37b95
463	ee1cb0577edc
464	f4836070df15
465	216de0dc8b7b
467	4853dbcf03c3
468	df8e9063286c
469	5febfc202eef
471	f61b8945d9bb
472	b6fbb42fe33d
473	fb64f61f2bba
474	8a83a9bd177d
475	b956b011f2fe
478	d42987a9e47e
479	903c44f8511e
480	a1db55757dc7
481	768a6746ad7d
482	dc15852d7bda
483	ea8ccdb907e1
485	81d0e41fb798
486	2c1ceafb3ff7
487	29b00f269923
488	f5cb2dd56936
490	dee06c3e1ffa
492	2d5ac12da653
493	ee919820a689
494	78d2478dd306
496	4c974b1dfb53
497	e581fe6c81d9
498	2759091b4e3f
503	b643ee63efb0
504	f693a02da1cb
506	dce4f1cc013e
507	2acc0380105a
508	a23cbcc35958
510	1dcdd6858de1
511	450307388972
512	3b34fecb6223
514	fe2a8f515fa3
515	7394b22af6af
516	d9e63fb75e93
519	02ed47c61e9e
520	c31e974c50aa
522	032426b2c8db
523	1285479e2395
525	2f779d7e1101
526	60926e98d68a
527	97e4c016f4a0
528	08e78a8cd7bf
529	fc03856bacb3
530	1225a3939718
531	0baf55ef34a2
532	57ceb2081a96
